"bandName","showDate","capacity","attendance","city","phone"
"Alanis Morissette (MH)","2024-06-09",0,0,"Phoenix",""
"Alanis Morissette (MH)","2024-06-12",0,0,"Austin",
"Alanis Morissette (MH)","2024-06-14",0,0,"Dallas",""
"Alanis Morissette (MH)","2024-06-16",16500,0,"Spring","281-363-3300"
"Alanis Morissette (MH)","2024-06-19",20000,0,"Tampa","813-389-3145"
"Alanis Morissette (MH)","2024-06-20",8500,0,"West Palm Beach","954-599-9033"
"Alanis Morissette (MH)","2024-06-22",12000,0,"Alpharetta","404-644-0921"
"Alanis Morissette (MH)","2024-06-23",20000,0,"Nashville","(615) 770-2000"
"Alanis Morissette (MH)","2024-06-26",18500,0,"Charlotte","704-200-5450"
"Alanis Morissette (MH)","2024-06-27",19000,0,"Raleigh","704-200-5450"
"Alanis Morissette (MH)","2024-06-29",24000,0,"Columbia","(410) 715-5550"
"Alanis Morissette (MH)","2024-06-30",24000,0,"Columbia","(410) 715-5550"
"Alanis Morissette (MH)","2024-07-02",25000,0,"Camden",""
"Alanis Morissette (MH)","2024-07-03",18000,0,"Holmdel","301-442-6866"
"Alanis Morissette (MH)","2024-07-05",15000,0,"Bethel","(866) 781-2922"
"Alanis Morissette (MH)","2024-07-06",21000,0,"Hartford",""
"Alanis Morissette (MH)","2024-07-09",20000,0,"Mansfield","15088646974"
"Alanis Morissette (MH)","2024-07-10",15000,0,"Wantagh",""
"Alanis Morissette (MH)","2024-07-13",16400,0,"Toronto","4162605700 EXT37831"
"Alanis Morissette (MH)","2024-07-14",16400,0,"Toronto","4162605700 EXT37831"
"Alanis Morissette (MH)","2024-07-16",0,0,"Village of Clarkston",
"Alanis Morissette (MH)","2024-07-17",20000,0,"Cuyahoga Falls",""
"Alanis Morissette (MH)","2024-07-23",20000,0,"Maryland Heights","(314) 298-9944"
"Alanis Morissette (MH)","2024-07-24",16000,0,"Cincinnati","(513) 232-6220"
"Alanis Morissette (MH)","2024-07-27",24000,0,"Noblesville",""
"Alanis Morissette (MH)","2024-07-28",0,0,"Milwaukee",""
"Alanis Morissette (MH)","2024-07-31",20000,0,"Denver","303) 405-1100"
"Alanis Morissette (MH)","2024-08-01",0,0,"West Valley City",
"Alanis Morissette (MH)","2024-08-03",20000,0,"Auburn","(360) 825-6200"
"Alanis Morissette (MH)","2024-08-04",19980,0,"Portland",""
"Alanis Morissette (MH)","2024-08-07",22000,0,"Mountain View",""
"Alanis Morissette (MH)","2024-08-08",9360,0,"Thousand Palms",""
"Alanis Morissette (MH)","2024-08-10",12000,0,"Inglewood","909-215-4527"
"Alice in Chains (MH)","2024-04-27",10000,0,"Las Vegas",""
"B 52's","2024-04-12",1800,1300,"Las Vegas",""
"B 52's","2024-04-13",1800,1542,"Las Vegas",""
"B 52's","2024-04-17",1800,1516,"Las Vegas",""
"B 52's","2024-04-19",1800,1435,"Las Vegas",""
"B 52's","2024-04-20",1800,1619,"Las Vegas",""
"BOYS LIKE GIRLS (MH)","2024-05-04",0,0,"Tampa","(813) 884-4386"
"BOYS LIKE GIRLS (MH)","2024-05-05",15000,0,"West Palm Beach","(561) 659-3567"
"Billy Idol (Manhead)","2024-04-03",15000,0,"West Palm Beach","(561) 659-3567"
"Billy Idol (Manhead)","2024-04-05",20000,0,"Atlanta","1-800-745-3000"
"Billy Idol (Manhead)","2024-04-10",0,0,"Flagstaff",""
"Billy Idol (Manhead)","2024-04-11",5500,0,"Tucson","800-344-9435"
"Billy Idol (Manhead)","2024-04-14",2000,0,"Catoosa","800-760-6700"
"Billy Idol (Manhead)","2024-04-16",8000,0,"Lincoln",""
"Billy Idol (Manhead)","2024-04-19",450,0,"Gary",
"Billy Idol (Manhead)","2024-05-03",15000,0,"West Palm Beach","(561) 659-3567"
"Billy Idol (Manhead)","2024-05-05",20000,0,"Atlanta","1-800-745-3000"
"Billy Idol (Manhead)","2024-05-10",0,0,"Flagstaff",""
"Billy Idol (Manhead)","2024-05-11",5500,0,"Tucson","800-344-9435"
"Billy Idol (Manhead)","2024-05-14",2000,0,"Catoosa","800-760-6700"
"Billy Idol (Manhead)","2024-05-16",8000,0,"Lincoln",""
"Billy Idol (Manhead)","2024-05-19",450,0,"Gary",
"Billy Porter (MH)","2024-04-12",0,0,"Miami",""
"Celtic Woman","2024-04-02",0,629,"wheeling",
"Celtic Woman","2024-04-03",2,856,"Syracuse","(315) 435-2121"
"Celtic Woman","2024-04-04",0,1122,"Rochester",
"Clandestine","2024-04-02",11642,9907,"Milwaukee",""
"Clandestine","2024-04-03",13492,8183,"Des Moines","(515) 418-8000"
"Clandestine","2024-04-05",0,11163,"Omaha",""
"Clandestine","2024-04-06",19356,12222,"Minneapolis","(612)673-1600"
"Country Music Association (MH)","2024-06-06",216000,0,"Nashville",""
"Deftones (MH)","2024-04-12",125000,0,"Indio","(760) 342-2762"
"EarthGang","2024-04-06",70000,52,"Raleigh",
"EarthGang","2024-04-18",0,0,"Jacksonville",
"EarthGang","2024-04-19",1100,1000,"Denver","(303) 297-1772"
"EarthGang","2024-04-20",9545,8615,"Morrison",""
"EarthGang","2024-04-21",10000,2113,"Billings","4062562466"
"EarthGang","2024-07-03",20000,0,"Nashville","(615) 770-2000"
"EarthGang","2024-07-05",0,0,"Sunrise",""
"EarthGang","2024-07-06",0,0,"Tampa","813-785-0875"
"EarthGang","2024-07-09",13000,0,"Duluth","770-813-7500"
"EarthGang","2024-07-11",18639,0,"Raleigh","(919) 861-2300"
"EarthGang","2024-07-13",18277,0,"Washington","202-629-3200"
"EarthGang","2024-07-14",19500,0,"Philadelphia","(215) 906-9932"
"EarthGang","2024-07-27",0,0,"Detroit","(313) 471-3200"
"EarthGang","2024-07-28",17500,0,"Rosemont","(847) 635-6601"
"EarthGang","2024-07-31",12317,0,"Cleveland",
"EarthGang","2024-08-02",0,0,"Cincinnati",""
"EarthGang","2024-08-04",18972,0,"Kansas City","(816) 949-7100"
"EarthGang","2024-08-07",19356,0,"Minneapolis","(612)673-1600"
"EarthGang","2024-08-09",0,0,"St Louis","314-622-5422"
"EarthGang","2024-08-11",20000,0,"Denver","303) 405-1100"
"EarthGang","2024-08-14",0,0,"Phoenix",
"EarthGang","2024-08-16",14000,0,"San Diego",""
"EarthGang","2024-08-17",0,0,"Las Vegas",""
"EarthGang","2024-08-20",12000,0,"San Francisco","8884794667"
"EarthGang","2024-08-22",19980,0,"Portland",""
"EarthGang","2024-08-24",18000,0,"Vancouver","(604) 899-7400"
"EarthGang","2024-08-25",17459,0,"Seattle","2069400343"
"Fall Out Boy","2024-04-02",11642,9907,"Milwaukee",""
"Fall Out Boy","2024-04-03",13492,8183,"Des Moines","(515) 418-8000"
"Fall Out Boy","2024-04-05",0,11163,"Omaha",""
"Fall Out Boy","2024-04-06",19356,12222,"Minneapolis","(612)673-1600"
"Gavin DeGraw","2024-05-02",1575,0,"Huntsville",
"Gavin DeGraw","2024-05-03",0,0,"Columbia",""
"Gavin DeGraw","2024-05-04",0,0,"Montgomery","334-481-5100"
"Gavin DeGraw","2024-05-06",0,0,"Mobile","251-433-5958"
"Gavin DeGraw","2024-05-07",1600,0,"Memphis","(901) 316-0175"
"Gavin DeGraw","2024-05-09",1300,0,"Little Rock",
"Gavin DeGraw","2024-05-10",2499,0,"Catoosa","800-760-6700"
"Gavin DeGraw","2024-05-11",5000,0,"Houston","7879556807"
"Gavin DeGraw","2024-05-12",2200,0,"Dallas","214-978-2583"
"Gavin DeGraw","2024-05-14",1400,0,"Kansas City","(816) 205-8560"
"Gavin DeGraw","2024-05-16",1500,0,"Sioux Falls","(605) 357-7377"
"Gavin DeGraw","2024-05-17",1686,0,"Davenport",
"Gavin DeGraw","2024-05-19",1800,0,"Columbus","(614) 884-4646"
"J.I.D.","2024-04-06",0,52000,"Raleigh",
"J.I.D.","2024-05-01",18000,0,"Vancouver","(604) 899-7400"
"J.I.D.","2024-05-03",20000,0,"Auburn","(360) 825-6200"
"J.I.D.","2024-05-05",18000,0,"Ridgefield",""
"J.I.D.","2024-05-07",12000,0,"Inglewood","909-215-4527"
"J.I.D.","2024-05-09",12500,0,"Concord","(925) 676-8742"
"J.I.D.","2024-05-11",0,0,"Phoenix",""
"J.I.D.","2024-05-12",15000,0,"Albuquerque","505-553-0587"
"J.I.D.","2024-05-14",14000,0,"Del Valle","512-301-6600"
"J.I.D.","2024-05-15",0,0,"Dallas",""
"J.I.D.","2024-05-16",3870,0,"Irving","(817) 455-1723"
"J.I.D.","2024-05-18",7000,0,"Rogers",""
"J.I.D.","2024-05-19",18000,0,"Maryland Heights","636-866-1045"
"J.I.D.","2024-05-21",26000,0,"Chicago",""
"J.I.D.","2024-05-22",16000,0,"Cincinnati","(513) 232-6220"
"J.I.D.","2024-05-23",24000,0,"Noblesville",""
"J.I.D.","2024-05-25",32800,0,"Toronto","4162605700 EXT37831"
"J.I.D.","2024-05-28",14000,0,"Detroit","313-471-7000"
"J.I.D.","2024-05-29",20000,0,"Cuyahoga Falls",""
"J.I.D.","2024-05-31",20000,0,"Mansfield","15088646974"
"J.I.D.","2024-06-01",21000,0,"Hartford",""
"J.I.D.","2024-06-02",25000,0,"Bristow",""
"J.I.D.","2024-06-04",20000,0,"Virginia Beach","(757) 368-3000"
"J.I.D.","2024-06-05",0,0,"Simpsonville","864-296-6601"
"J.I.D.","2024-06-06",18500,0,"Charlotte","704-200-5450"
"J.I.D.","2024-06-09",25000,0,"Camden",""
"J.I.D.","2024-06-11",10000,0,"Pelham","(615) 613-4389"
"J.I.D.","2024-06-13",17000,0,"West Palm Beach","954-599-9033"
"J.I.D.","2024-06-14",20000,0,"Tampa","813-389-3145"
"J.I.D.","2024-06-15",19000,0,"Atlanta","(404) 443-5090"
"J.I.D.","2024-07-06",0,0,"Milwaukee","414-902-4400"
"JXDN","2024-07-04",0,0,"Milwaukee","(414) 273-2680"
"JXDN","2024-07-06",1550,0,"Minneapolis","612-338-8388"
"JXDN","2024-07-07",0,0,"Chicago",""
"JXDN","2024-07-09",0,0,"Detroit",
"JXDN","2024-07-10",2400,0,"Pittsburgh","(412)229-5483"
"JXDN","2024-07-12",0,0,"Brooklyn","(888) 929-7849"
"JXDN","2024-07-13",1500,0,"Boston","(617) 338-7699"
"JXDN","2024-07-14",1200,0,"Washington","202-265-0930"
"JXDN","2024-07-17",1450,0,"Atlanta","(404) 843-2825"
"JXDN","2024-07-19",5000,0,"Houston","7879556807"
"JXDN","2024-07-20",2400,0,"Dallas",
"JXDN","2024-07-22",1100,0,"Englewood","(303) 788-0984"
"JXDN","2024-07-24",2500,0,"Salt Lake City","8085579360"
"JXDN","2024-07-26",2325,0,"San Francisco","(415) 673-5716"
"JXDN","2024-07-27",1500,0,"Los Angeles","(213) 746-5670"
"Jelly Roll (MH)","2024-04-11",75000,18000,"Florence","866.802.6418"
"Jelly Roll (MH)","2024-04-24",2200,2000,"Detroit","(313)961-5451"
"Jelly Roll (MH)","2024-04-26",85000,0,"Indio","(760) 342-2762"
"Jelly Roll (MH)","2024-05-04",0,0,"Austin",""
"Jelly Roll (MH)","2024-05-05",0,0,"Memphis",
"Jelly Roll (MH)","2024-05-10",0,0,"Daytona Beach",
"Jelly Roll (MH)","2024-05-14",6000,0,"Fort Worth","817-998-7234"
"Jelly Roll (MH)","2024-05-31",20,0,"Panama City Beach","(615) 340-9500"
"Jelly Roll (MH)","2024-06-06",0,0,"Clinton",
"Jelly Roll (MH)","2024-06-21",14980,0,"Mack",""
"Jelly Roll (MH)","2024-06-22",0,0,"North Platte","(308) 532-7939"
"Kameron Marlowe (MH)","2024-04-04",475,804,"Nacogdoches",""
"Kameron Marlowe (MH)","2024-04-05",2300,2300,"Fort Worth","817-998-7234"
"Kameron Marlowe (MH)","2024-04-06",800,1500,"Stillwater","4053770076"
"Kameron Marlowe (MH)","2024-04-18",990,0,"Vancouver","604.739.4550"
"Kameron Marlowe (MH)","2024-04-19",850,1804,"Airway Heights",
"Kameron Marlowe (MH)","2024-04-20",1450,1470,"Portland","(503) 225-0047"
"Kameron Marlowe (MH)","2024-04-21",1800,1503,"Seattle","(206) 652-0444"
"Kameron Marlowe (MH)","2024-04-24",1100,675,"Great Falls",
"Kameron Marlowe (MH)","2024-04-25",500,0,"Billings","406-671-8565"
"Kameron Marlowe (MH)","2024-04-26",1854,0,"Deadwood","605-559-0386"
"Kameron Marlowe (MH)","2024-04-27",800,0,"Sioux Falls","(605) 357-7377"
"Kameron Marlowe (MH)","2024-05-04",4000,0,"Hattiesburg","6015837500"
"Kameron Marlowe (MH)","2024-05-09",700,0,"Springfield","217-412-8139"
"Kameron Marlowe (MH)","2024-05-10",0,0,"Columbus",
"Kameron Marlowe (MH)","2024-05-11",1720,0,"Franklin","937-746-4950"
"Kameron Marlowe (MH)","2024-05-17",2500,0,"Amarillo","1 (806) 372-6000"
"Kameron Marlowe (MH)","2024-05-23",0,0,"Fort Myers",""
"Kameron Marlowe (MH)","2024-05-26",140000,0,"Concord parkway south","(704) 455-3200"
"Lainey Wilson (MH)","2024-04-16",1850,1500,"Belfast","+44 28 9033 4400"
"Lainey Wilson (MH)","2024-04-17",1850,1164,"Belfast","+44 28 9033 4400"
"Lainey Wilson (MH)","2024-04-19",0,0,"Glasgow",""
"Lainey Wilson (MH)","2024-04-20",2600,2241,"Manchester","+44 161 232 1639"
"Lainey Wilson (MH)","2024-04-23",0,2160,"London",""
"Lainey Wilson (MH)","2024-04-24",0,2227,"London",""
"Lainey Wilson (MH)","2024-04-25",400,0,"Amsterdam","+31 20 531 8181"
"Lainey Wilson (MH)","2024-04-29",0,0,"Cologne",""
"Lainey Wilson (MH)","2024-04-30",3500,0,"Berlin",""
"Lainey Wilson (MH)","2024-05-02",1750,0,"Stockholm","08-660 10 20"
"Lainey Wilson (MH)","2024-05-03",1750,0,"Oslo","47 22 20 32 32"
"Lainey Wilson (MH)","2024-04-04",0,0,"Nashville",
"Lainey Wilson (MH)","2024-04-04",0,0,"Nashville",
"Lainey Wilson (MH)","2024-04-05",0,0,"Nashville",
"Lainey Wilson (MH)","2024-04-05",10000,0,"Fort Lauderdale",""
"Lainey Wilson (MH)","2024-04-06",0,0,"Nashville",
"Lainey Wilson (MH)","2024-04-06",0,44799,"Minneapolis",""
"Lainey Wilson (MH)","2024-04-11",75000,0,"Florence","866.802.6418"
"Lainey Wilson (MH)","2024-04-12",75000,15000,"Florence","866.802.6418"
"Lukas Nelson + POTR","2024-04-05",7500,0,"Waco",
"Lukas Nelson + POTR","2024-04-28",12000,0,"Wilkesboro","(800) 343-7857"
"Lukas Nelson + POTR","2024-04-30",2111,0,"Greenville","864-679-9291"
"Lukas Nelson + POTR","2024-05-01",0,0,"Knoxville","(865) 523-2665"
"Lukas Nelson + POTR","2024-05-03",0,0,"North Little Rock",
"Lukas Nelson + POTR","2024-05-04",0,0,"Park City",""
"Lukas Nelson + POTR","2024-05-05",1494,0,"Cedar Rapids",
"Lukas Nelson + POTR","2024-05-07",6552,0,"Sioux Falls","605-367-8460"
"Lukas Nelson + POTR","2024-05-09",0,0,"Minneapolis",""
"Lukas Nelson + POTR","2024-05-10",11442,0,"Peoria","(309) 673-8900"
"Lukas Nelson + POTR","2024-05-11",7000,0,"Rogers",""
"Lukas Nelson + POTR","2024-05-23",0,0,"Cumberland","510-595-1115"
"Maddie Zahm (MH)","2024-05-02",400,0,"Dallas",""
"Maddie Zahm (MH)","2024-05-03",1000,0,"Austin","(512) 524-1932"
"Maddie Zahm (MH)","2024-05-04",0,0,"Houston","(888) 402-5837"
"Maddie Zahm (MH)","2024-05-07",0,0,"Birmingham","(205) 703-9545"
"Maddie Zahm (MH)","2024-05-09",1000,0,"Atlanta","(404) 577-8178"
"Maddie Zahm (MH)","2024-05-10",550,0,"Raleigh","(919) 821-4111"
"Maddie Zahm (MH)","2024-05-11",700,0,"Charlotte","7043589200"
"Maddie Zahm (MH)","2024-05-15",0,0,"Nahsville",
"Maddie Zahm (MH)","2024-05-16",725,0,"Louisville","(502) 584-8088"
"Maddie Zahm (MH)","2024-05-17",450,0,"Saint Louis","(314) 588-0505"
"Maddie Zahm (MH)","2024-05-18",0,0,"Kansas City","(816) 753-8880"
"Maddie Zahm (MH)","2024-05-20",700,0,"Des Moines",""
"Maddie Zahm (MH)","2024-05-21",750,0,"Omaha","(402) 884-5353"
"Maddie Zahm (MH)","2024-05-23",500,0,"Jackson","(307) 734-8956 "
"Maddie Zahm (MH)","2024-05-24",1000,0,"Boise","(208) 367-1212"
"Manchester Orchestra (MH)","2024-11-07",3700,0,"Seattle","206 652 0997"
"Manchester Orchestra (MH)","2024-11-09",1500,0,"Portland","(503) 225-0047"
"Manchester Orchestra (MH)","2024-11-11",2370,0,"San Francisco","(415) 243-8510"
"Manchester Orchestra (MH)","2024-11-12",7400,0,"Los Angeles","(503)-929-5961"
"Manchester Orchestra (MH)","2024-11-15",0,0,"San Diego",
"Manchester Orchestra (MH)","2024-11-16",0,0,"Las Vegas",
"Manchester Orchestra (MH)","2024-11-17",950,0,"Phoenix","4808290607"
"Manchester Orchestra (MH)","2024-11-19",4000,0,"DALLAS","+1 2144212021"
"Manchester Orchestra (MH)","2024-11-20",0,0,"Houston","1 281-501-6720"
"Manchester Orchestra (MH)","2024-11-22",0,0,"Atlanta","7707139536"
"Manchester Orchestra (MH)","2024-09-06",1850,0,"Charlotte"," (704) 916-8970"
"Manchester Orchestra (MH)","2024-09-07",2000,0,"Silver Spring","(703)754-6400"
"Manchester Orchestra (MH)","2024-09-08",2500,0,"Sayreville","732-238-5500"
"Manchester Orchestra (MH)","2024-09-10",0,0,"Buffalo","443-418-5342"
"Manchester Orchestra (MH)","2024-09-11",2500,0,"Philadelphia",""
"Manchester Orchestra (MH)","2024-09-13",3000,0,"Brooklyn","212.777.1860"
"Manchester Orchestra (MH)","2024-09-14",2200,0,"Boston","(888) 693-2583"
"Manchester Orchestra (MH)","2024-09-17",4500,0,"Cincinnati",
"Manchester Orchestra (MH)","2024-09-19",2200,0,"Detroit","(313)961-5451"
"Manchester Orchestra (MH)","2024-09-20",4500,0,"Indianapolis","317-374-5179"
"Manchester Orchestra (MH)","2024-09-21",0,0,"Chicago",""
"Manchester Orchestra (MH)","2024-09-22",1500,0,"Chicago","(312) 923-2000"
"Megadeth","2024-04-06",0,9500,"Lima",
"Megadeth","2024-04-09",0,15000,"Santiago",""
"Megadeth","2024-04-11",80000,4000,"Asuncion",
"Megadeth","2024-04-13",5700,12000,"Buenos Aires",
"Megadeth","2024-04-13",17100,0,"Buenos Aires",
"Megadeth","2024-04-14",5700,12000,"Buenos Aires",
"Megadeth","2024-04-16",5700,10000,"Buenos Aires",
"Megadeth","2024-04-18",7912,8000,"Sao Paulo",
"Megadeth","2024-04-21",0,11000,"Bogota",""
"Megadeth","2024-04-22",0,8000,"Bogota",""
"Megadeth","2024-04-22",0,0,"Bogota",""
"Michael Franti & Spearhead (Manhead)","2024-04-06",10000,0,"Fort Lauderdale",""
"Michael Franti & Spearhead (Manhead)","2024-04-10",1000,611,"Mobile","334-433-5958"
"Michael Franti & Spearhead (Manhead)","2024-04-11",30,30,"Bonita Springs",
"Michael Franti & Spearhead (Manhead)","2024-04-11",1500,0,"Tallahassee","(850) 878-6900"
"Michael Franti & Spearhead (Manhead)","2024-04-12",0,992,"Key West","(305) 985-0433"
"Michael Franti & Spearhead (Manhead)","2024-04-13",0,0,"Orlando",
"Michael Franti & Spearhead (Manhead)","2024-04-28",40000,0,"New Orleans","(504) 410-4100"
"Michael Franti & Spearhead (Manhead)","2024-05-17",0,0,"Prescott",
"Michael Franti & Spearhead (Manhead)","2024-05-24",4120,0,"Grand Junction",
"Michael Franti & Spearhead (Manhead)","2024-05-25",0,0,"Santa Fe",
"Michael Franti & Spearhead (Manhead)","2024-05-26",0,0,"Durango",
"Michael Franti & Spearhead (Manhead)","2024-05-29",450,0,"Aspen","(970) 544-9800"
"Michael Franti & Spearhead (Manhead)","2024-05-31",9545,0,"Morrison",""
"Michael Franti & Spearhead (Manhead)","2024-06-01",0,0,"Boulder",""
"Michael Franti & Spearhead (Manhead)","2024-06-03",3,0,"Cedar Rapids","(319) 362-1729"
"Michael Franti & Spearhead (Manhead)","2024-06-05",0,0,"Green Bay",
"Michael Franti & Spearhead (Manhead)","2024-06-06",0,0,"Madison","(608) 709-8157"
"Michael Franti & Spearhead (Manhead)","2024-06-07",5000,0,"Plymouth",""
"Michael Franti & Spearhead (Manhead)","2024-06-08",3910,0,"Kansas City","1 (816) 842-1045"
"Michael Franti & Spearhead (Manhead)","2024-06-11",0,0,"Omaha",
"Michael Franti & Spearhead (Manhead)","2024-06-13",0,0,"Cincinnati",""
"Michael Franti & Spearhead (Manhead)","2024-06-14",0,0,"Indianapolis",
"Michael Franti & Spearhead (Manhead)","2024-06-15",13000,0,"Highland Park","(847) 266-5434"
"Michael Franti & Spearhead (Manhead)","2024-06-16",2500,0,"Cleveland","216-371-3000"
"Michael Franti & Spearhead (Manhead)","2024-06-18",0,0,"Middlefield",
"Michael Franti & Spearhead (Manhead)","2024-06-19",1500,0,"South Deerfield",
"Michael Franti & Spearhead (Manhead)","2024-06-20",3500,0,"Kingston",
"Michael Franti & Spearhead (Manhead)","2024-06-21",0,0,"Grantville",
"Michael Franti & Spearhead (Manhead)","2024-06-22",4000,0,"LAFAYETTE",
"Michael Franti & Spearhead (Manhead)","2024-06-23",16500,0,"Bangor",""
"Michael Franti & Spearhead (Manhead)","2024-06-25",2200,0,"Hampton Beach","603.929.4100"
"Michael Franti & Spearhead (Manhead)","2024-06-26",0,0,"Selbyville",
"Michael Franti & Spearhead (Manhead)","2024-06-28",0,0,"Asheville","828 407 0521"
"Michael Franti & Spearhead (Manhead)","2024-06-29",0,0,"Asheville","828 407 0521"
"Michael Franti & Spearhead (Manhead)","2024-06-30",5000,0,"Manteo","877.629.4386"
"Michael Franti & Spearhead (Manhead)","2024-07-05",950,0,"Wilmington","(910) 341-4604"
"Michael Franti & Spearhead (Manhead)","2024-07-06",950,0,"Wilmington","(910) 341-4604"
"Michael Franti & Spearhead (Manhead)","2024-07-07",950,0,"Wilmington","(910) 341-4604"
"Michael Franti & Spearhead (Manhead)","2024-07-09",300,0,"Nantucket","(508)228-0443"
"Michael Franti & Spearhead (Manhead)","2024-07-10",300,0,"Nantucket","(508)228-0443"
"New Edition","2024-07-27",45000,0,"Cincinnati",
"Oliver Anthony (MH)","2024-04-04",6000,2721,"Fort Worth","817-998-7234"
"Oliver Anthony (MH)","2024-04-05",0,3113,"Round Rock",
"Oliver Anthony (MH)","2024-04-06",0,2548,"Lubbock",
"Oliver Anthony (MH)","2024-04-12",10000,4701,"Tupelo","6628416528"
"Oliver Anthony (MH)","2024-04-13",2200,3176,"Jonesboro",""
"Oliver Anthony (MH)","2024-04-19",5000,3189,"Albany","229-430-5200"
"Oliver Anthony (MH)","2024-04-20",0,4245,"Savannah",""
"Oliver Anthony (MH)","2024-04-20",4000,0,"Hattiesburg","6015837500"
"Oliver Anthony (MH)","2024-04-26",23000,0,"Greensboro","336.373.7474 "
"Oliver Anthony (MH)","2024-04-27",13000,0,"Duluth","770-813-7500"
"Oliver Anthony (MH)","2024-05-03",0,0,"Huntington",
"Oliver Anthony (MH)","2024-05-04",2500,0,"Beaver Dam","270-991-2514"
"Oliver Anthony (MH)","2024-05-10",5240,0,"Corbin","(606)258-2020"
"Oliver Anthony (MH)","2024-05-11",0,0,"Pikeville",
"Oliver Anthony (MH)","2024-05-17",8226,0,"Doswell","(804) 562-0489"
"Oliver Anthony (MH)","2024-05-18",10000,0,"Bushkill",
"Oliver Anthony (MH)","2024-05-25",0,0,"Petros",
"Oliver Anthony (MH)","2024-05-31",0,0,"Pelham",""
"Oliver Anthony (MH)","2024-06-01",0,0,"Pelham",""
"Oliver Anthony (MH)","2024-06-06",35000,0,"Myrtle Beach",""
"Oliver Anthony (MH)","2024-06-14",0,0,"Marion","6189988499"
"Oliver Anthony (MH)","2024-06-15",0,0,"Camdenton",
"Oliver Anthony (MH)","2024-06-20",0,0,"Wildwood",
"Oliver Anthony (MH)","2024-06-22",15000,0,"Canandaigua","(585) 758-5300"
"Oliver Anthony (MH)","2024-06-28",2400,0,"Pittsburgh","(412)229-5483"
"Oliver Anthony (MH)","2024-06-29",0,0,"Columbus",""
"Oliver Anthony (MH)","2024-07-07",15000,0,"Marshfield","7814059310"
"Oliver Anthony (MH)","2024-07-19",17500,0,"Cullman",""
"Oliver Anthony (MH)","2024-08-16",0,0,"Lewisburg","304-645-1090"
"Oliver Anthony (MH)","2024-08-21",0,0,"Put In Bay",""
"Oliver Anthony (MH)","2024-08-23",6000,0,"Indianapolis",""
"Oliver Anthony (MH)","2024-08-24",7647,0,"Saginaw","989-759-1320"
"Oliver Anthony (MH)","2024-09-01",3630,0,"Palmer",""
"Oliver Anthony (MH)","2024-09-13",0,0,"Allegan","(269) 673-6501"
"Royal Blood (MH)","2024-05-02",5500,0,"Raleigh","704-200-5450"
"Royal Blood (MH)","2024-05-03",1050,0,"Asheville","(828) 225-5851"
"Royal Blood (MH)","2024-05-04",20000,0,"Atlanta","1-800-745-3000"
"Royal Blood (MH)","2024-05-06",6578,0,"Portsmouth","757-393-8181"
"Royal Blood (MH)","2024-05-07",7000,0,"Wilmington","843-934-7947"
"Royal Blood (MH)","2024-05-08",600,0,"North Charleston",
"Royal Blood (MH)","2024-05-09",27500,0,"Jacksonville",""
"Royal Blood (MH)","2024-05-10",5500,0,"Hollywood","(954) 327-7625"
"Royal Blood (MH)","2024-05-13",0,0,"Nahsville",
"Royal Blood (MH)","2024-05-14",2000,0,"Indianapolis","317-231-0000"
"Royal Blood (MH)","2024-05-16",0,0,"Minneapolis",
"Royal Blood (MH)","2024-05-17",2400,0,"Madison","(608) 267-3995"
"Royal Blood (MH)","2024-05-18",1800,0,"Grand Rapids","616-451-8232"
"Royal Blood (MH)","2024-05-19",40000,0,"Columbus",
"Sonic Symphony ","2024-04-06",0,0,"Milwaukee",""
"Sonic Symphony ","2024-04-20",0,2521,"Cleveland","216-771-8403"
"Sonic Symphony ","2024-04-20",2050,0,"Cleveland",""
"Sonic Symphony ","2024-06-02",0,0,"Paris",""
"Sonic Symphony ","2024-06-08",0,0,"New York City","212-568-6700"
"Sonic Symphony ","2024-06-15",2312,0,"Phoenix","602-262-6225"
"Sonic Symphony ","2024-06-16",2643,0,"Salt Lake City","801-32-680(of.)"
"Sonic Symphony ","2024-06-22",2579,0,"Minneapolis","5023456747"
"Sonic Symphony ","2024-06-29",2400,0,"Greensboro",
"Sonic Symphony ","2024-07-27",2967,0,"San Diego","619.615.4000"
"Sonic Symphony ","2024-04-06",0,1904,"Milwaukee",""
"Sonic Symphony ","2024-04-07",0,0,"Milwaukee",""
"Stardew Valley","2024-08-26",0,0,"Singapore",
"Stardew Valley","2024-09-27",0,0,"Tokyo",
"The Interrupters (MH)","2024-04-19",4200,2200,"Omaha",
"The Interrupters (MH)","2024-04-20",0,2142,"Wichita","316-260-5141"
"The Interrupters (MH)","2024-04-21",2300,1625,"Kansas City","(816) 753-8665"
"The Interrupters (MH)","2024-04-23",0,3941,"Minneapolis",""
"The Interrupters (MH)","2024-04-24",3000,2080,"St. Louis",
"The Interrupters (MH)","2024-04-26",0,0,"Grand Rapids",
"The Interrupters (MH)","2024-04-27",3500,0,"Milwaukee","(414) 342-7283"
"The Interrupters (MH)","2024-04-29",0,0,"Baltimore",""
"The Interrupters (MH)","2024-04-30",5000,0,"Boston, MA",""
"The Interrupters (MH)","2024-05-01",6733,0,"Portland",""
"The Interrupters (MH)","2024-05-04",0,0,"Asbury Park",""
"The Interrupters (MH)","2024-05-05",6000,0,"Brooklyn","212.777.1860"
"The Interrupters (MH)","2024-05-08",7083,0,"Reading","(610) 898-7469"
"The Interrupters (MH)","2024-05-09",5500,0,"Raleigh","704-200-5450"
"The Interrupters (MH)","2024-05-11",3880,0,"Atlanta","770-722-0831"
"The Interrupters (MH)","2024-05-14",2362,0,"Nashville","(615)889-3060"
"The Interrupters (MH)","2024-05-15",5000,0,"Charlotte","704-200-5450"
"The Interrupters (MH)","2024-05-18",0,0,"Philadelphia",
"The Interrupters (MH)","2024-05-19",6053,0,"Norfolk",
"Toto (MH)","2024-04-09",530,453,"Beaver Creek","(970) 845-8497"
"Toto (MH)","2024-04-11",1850,1974,"Tulsa","(918) 995-8518"
"Toto (MH)","2024-04-12",1260,1184,"Salina",""
"Toto (MH)","2024-04-14",1550,1593,"Prior Lake","(952) 445-9000"
"Toto (MH)","2024-04-15",8200,8494,"Omaha",""
"Toto (MH)","2024-04-16",7000,6783,"Peoria","(309) 673-8900"
"Train","2024-04-26",3500,0,"Manchester","44 161 273 6921"
"Train","2024-04-27",0,0,"Wolverhampton",
"Train","2024-04-28",0,0,"Glasgow",""
"Train","2024-04-30",3210,0,"London","+44 20 7589 8212"
"Train","2024-05-02",2000,0,"Brussels","32 2 218 20 15"
"Train","2024-05-03",2200,0,"Tilburg, North Brabant","+31 13 460 9500"
"Train","2024-05-04",0,0,"Hamburg",""
"Train","2024-05-05",0,0,"sonderborg",
"Train","2024-07-08",20000,0,"Somerset",""
"Train","2024-07-10",24000,0,"Noblesville",""
"Train","2024-07-11",2400,0,"Pittsburgh","(412)229-5483"
"Train","2024-07-12",16000,0,"Cincinnati","(513) 232-6220"
"Train","2024-07-13",26000,0,"Chicago",""
"Train","2024-07-15",20000,0,"Cuyahoga Falls",""
"Train","2024-07-16",20000,0,"Maryland Heights","(314) 298-9944"
"Train","2024-07-17",7800,0,"Kansas City","(816) 363-7827"
"Train","2024-07-19",20000,0,"Lewiston","(716) 754-9000"
"Train","2024-07-20",16400,0,"Toronto","4162605700 EXT37831"
"Train","2024-07-21",14000,0,"Detroit","313-471-7000"
"Train","2024-07-23",25103,0,"Saratoga Springs","5182696000"
"Train","2024-07-24",15000,0,"Bethel","(866) 781-2922"
"Train","2024-07-26",25000,0,"Camden",""
"Train","2024-07-27",15000,0,"Wantagh",""
"Train","2024-07-28",9600,0,"Gilford","6032794700"
"Train","2024-07-31",17000,0,"Syracuse","(315) 435-5100"
"Train","2024-08-01",18000,0,"Holmdel","301-442-6866"
"Train","2024-08-03",21000,0,"Hartford",""
"Train","2024-08-04",20000,0,"Mansfield","15088646974"
"Train","2024-08-06",25000,0,"Bristow",""
"Train","2024-08-07",20000,0,"Virginia Beach","(757) 368-3000"
"Train","2024-08-09",19000,0,"Raleigh","704-200-5450"
"Train","2024-08-10",18500,0,"Charlotte","704-200-5450"
"Train","2024-08-11",7000,0,"Wilmington","843-934-7947"
"Train","2024-08-16",10000,0,"Pelham","(615) 613-4389"
"Train","2024-08-17",12000,0,"Alpharetta","404-644-0921"
"Train","2024-08-18",0,0,"Franklin",
"Train","2024-08-20",20000,0,"Tampa","813-389-3145"
"Train","2024-08-21",8500,0,"West Palm Beach","954-599-9033"
"Train","2024-08-22",5500,0,"Jacksonville","(904) 633-6544"
"Train","2024-08-23",10000,0,"Orange Beach","(251) 224-1020"
"Train","2024-08-25",0,0,"The Woodlands",""
"Train","2024-08-26",0,0,"Dallas",""
"Train","2024-08-28",17250,0,"Englewood",""
"Tyler Childers (MH)","2024-04-08",3500,0,"Thackerville"," (580) 276-4229"
"Tyler Childers (MH)","2024-04-04",10945,7861,"San Diego","(619) 594-7315"
"Tyler Childers (MH)","2024-04-05",12000,12118,"Inglewood","909-215-4527"
"Tyler Childers (MH)","2024-04-09",19224,11367,"Tulsa","(918) 894-4200"
"Tyler Childers (MH)","2024-04-10",15000,11429,"Auston",
"Tyler Childers (MH)","2024-04-13",12000,10673,"Fort Worth","8179468508"
"Tyler Childers (MH)","2024-04-15",17654,10730,"Birmingham","(205) 458-8400"
"Tyler Childers (MH)","2024-04-16",21678,13907,"Knoxville","(865) 974-0953"
"Tyler Childers (MH)","2024-04-18",40000,24985,"Nashville","(615) 770-2000"
"Tyler Childers (MH)","2024-04-20",3500,0,"Thackerville"," (580) 276-4229"
"WILLIE'S RESERVE (MH)","2024-04-17",0,9000,"Lubbock",
"WILLIE'S RESERVE (MH)","2024-04-19",4950,3501,"Mesa","(480) 644-2178"
"WILLIE'S RESERVE (MH)","2024-04-20",1830,3700,"Laughlin","702-298-4600"
"WILLIE'S RESERVE (MH)","2024-04-22",3402,5537,"San Diego",
"WILLIE'S RESERVE (MH)","2024-04-24",8500,7300,"Berkeley","(707) 280-5516"
"WILLIE'S RESERVE (MH)","2024-04-25",4562,0,"Santa Barbara","(805) 962-7411"
"WILLIE'S RESERVE (MH)","2024-04-26",85000,0,"Indio","(760) 342-2762"
"WILLIE'S RESERVE (MH)","2024-04-27",60000,0,"Indio",""
"WILLIE'S RESERVE (MH)","2024-05-10",6000,0,"New Braunfels",""
"WILLIE'S RESERVE (MH)","2024-05-11",6000,0,"New Braunfels",""
"WILLIE'S RESERVE (MH)","2024-05-14",0,0,"El Reno",
"WILLIE'S RESERVE (MH)","2024-05-15",5500,0,"Lincoln","(402) 540-2094"
"WILLIE'S RESERVE (MH)","2024-05-17",0,0,"Madison",""
"WILLIE'S RESERVE (MH)","2024-05-18",19000,0,"Milwaukee","(414)227-0400"
"WILLIE'S RESERVE (MH)","2024-05-20",0,0,"Moorhead",
"WILLIE'S RESERVE (MH)","2024-05-21",0,0,"Moorhead",
"WILLIE'S RESERVE (MH)","2024-05-23",0,0,"Duluth",""
"WILLIE'S RESERVE (MH)","2024-05-25",0,0,"Des Moines",
"WILLIE'S RESERVE (MH)","2024-05-26",0,0,"Camdenton",
"WILLIE'S RESERVE (MH)","2024-06-21",12000,0,"Alpharetta","404-644-0921"
"WILLIE'S RESERVE (MH)","2024-06-22",18500,0,"Charlotte","704-200-5450"
"WILLIE'S RESERVE (MH)","2024-06-23",20601,0,"Raleigh","(919) 831-6400"
"WILLIE'S RESERVE (MH)","2024-06-26",20000,0,"Virginia Beach","(757) 368-3000"
"WILLIE'S RESERVE (MH)","2024-06-28",0,0,"Syracuse",
"WILLIE'S RESERVE (MH)","2024-06-29",15000,0,"Wantagh",""
"WILLIE'S RESERVE (MH)","2024-06-30",18000,0,"Holmdel","301-442-6866"
"WILLIE'S RESERVE (MH)","2024-07-02",20000,0,"Mansfield","15088646974"
"WILLIE'S RESERVE (MH)","2024-07-04",25000,0,"Camden",""
"WILLIE'S RESERVE (MH)","2024-07-06",15000,0,"Bethel","(866) 781-2922"
"WILLIE'S RESERVE (MH)","2024-07-07",0,0,"Hershey",
"WILLIE'S RESERVE (MH)","2024-07-27",0,0,"Seattle",
"WILLIE'S RESERVE (MH)","2024-07-29",21500,0,"Chula Vista",""
"WILLIE'S RESERVE (MH)","2024-07-31",17500,0,"Los Angeles",""
"WILLIE'S RESERVE (MH)","2024-08-03",22000,0,"Mountain View",""
"WILLIE'S RESERVE (MH)","2024-08-04",18500,0,"Wheatland",""
"WILLIE'S RESERVE (MH)","2024-08-07",36000,0,"Nampa","208442204"
"WILLIE'S RESERVE (MH)","2024-08-09",0,0,"Spokane",
"WILLIE'S RESERVE (MH)","2024-08-10",23000,0,"Quincy","(509) 785-6262 "
"WILLIE'S RESERVE (MH)","2024-09-06",20000,0,"Somerset",""
"WILLIE'S RESERVE (MH)","2024-09-07",26000,0,"Chicago",""
"WILLIE'S RESERVE (MH)","2024-09-08",18000,0,"Maryland Heights","636-866-1045"
"WILLIE'S RESERVE (MH)","2024-09-11",16000,0,"Cincinnati","(513) 232-6220"
"WILLIE'S RESERVE (MH)","2024-09-12",20000,0,"Cuyahoga Falls",""
"WILLIE'S RESERVE (MH)","2024-09-14",23000,0,"Burgettstown",""
"WILLIE'S RESERVE (MH)","2024-09-15",0,0,"Village of Clarkston",
"WILLIE'S RESERVE (MH)","2024-09-17",21000,0,"Darien Center","716-465-8301"
"Weezer (MH)","2024-06-07",15000,0,"BIRMINGHAM",
"Weezer (MH)","2024-06-08",0,0,"London",""
"Weezer (MH)","2024-06-10",0,0,"Dublin",""
"Weezer (MH)","2024-06-12",0,0,"Glasgow",
"Weezer (MH)","2024-06-13",23500,0,"Manchester",
"Weezer (MH)","2024-06-14",0,0,"Cardiff",
"Weezer (MH)","2024-05-04",40000,0,"Atlanta",""
"Weezer (MH)","2024-05-11",0,0,"San Diego",
"Weezer (MH)","2024-09-04",18568,0,"Saint Paul","(651) 265-4900"
"Weezer (MH)","2024-09-06",17500,0,"Rosemont","(847) 635-6601"
"Weezer (MH)","2024-09-07",0,0,"Columbus",""
"Weezer (MH)","2024-09-08",14770,0,"Toronto","(416) 815-5500"
"Weezer (MH)","2024-09-10",0,0,"Boston","857-272-6973"
"Weezer (MH)","2024-09-11",13595,0,"New York City","212.465.6741"
"Weezer (MH)","2024-09-13",19500,0,"Philadelphia","(215) 906-9932"
"Weezer (MH)","2024-09-14",3000,0,"Washington","202-888-0020"
"Weezer (MH)","2024-09-17",20000,0,"Nashville","(615) 770-2000"
"Weezer (MH)","2024-09-18",11000,0,"Greenville",""
"Weezer (MH)","2024-09-20",20000,0,"Orlando","(407) 440-7900"
"Weezer (MH)","2024-09-21",5500,0,"Hollywood","(954) 327-7625"
"Weezer (MH)","2024-09-27",15000,0,"Auston",
"Weezer (MH)","2024-09-28",18043,0,"Houston","(713)758-7200"
"Weezer (MH)","2024-09-29",21000,0,"Dallas","(214) 222-3687"
"Weezer (MH)","2024-10-01",7200,0,"Loveland",
"Weezer (MH)","2024-10-04",17459,0,"Seattle","2069400343"
"Weezer (MH)","2024-10-05",18000,0,"Vancouver","(604) 899-7400"
"Weezer (MH)","2024-10-06",19980,0,"Portland",""
"Weezer (MH)","2024-10-08",0,0,"Sacramento",""
"Weezer (MH)","2024-10-09",12300,0,"San Francisco",
"Weezer (MH)","2024-10-11",0,0,"Inglewood",
"Yellowcard (MH)","2024-06-02",20000,0,"Kansas City","402.359.1010"
"Yellowcard (MH)","2024-06-08",0,0,"Airway Heights","509-863-3215"
"Yellowcard (MH)","2024-06-09",12000,0,"Nampa","208442204"
"Yellowcard (MH)","2024-06-13",7000,0,"Seattle","(206) 295-4298"
"Yellowcard (MH)","2024-06-14",8000,0,"Bend",""
"Yellowcard (MH)","2024-06-15",22000,0,"Mountain View",""
"Yellowcard (MH)","2024-06-20",11200,0,"Los Angeles",""
"Yellowcard (MH)","2024-06-21",21500,0,"Chula Vista",""
"Yellowcard (MH)","2024-06-22",0,0,"Las Vegas",
"Yellowcard (MH)","2024-06-25",20000,0,"Salt Lake City","(801) 417-5343"
"Yellowcard (MH)","2024-06-26",9545,0,"Morrison",""
"Yellowcard (MH)","2024-06-28",9000,0,"Chicago",""
"Yellowcard (MH)","2024-06-29",20000,0,"Maryland Heights","(314) 298-9944"
"Yellowcard (MH)","2024-06-30",7500,0,"Franklin","(615) 613-4389"
"Yellowcard (MH)","2024-07-02",16000,0,"Cincinnati","(513) 232-6220"
"Yellowcard (MH)","2024-07-03",24000,0,"Darien Center","(585) 599-4641"
"Yellowcard (MH)","2024-07-05",20000,0,"Cuyahoga Falls",""
"Yellowcard (MH)","2024-07-06",24000,0,"Noblesville",""
"Yellowcard (MH)","2024-07-07",14000,0,"Village of Clarkston",
"Yellowcard (MH)","2024-07-09",23000,0,"Burgettstown",""
"Yellowcard (MH)","2024-07-11",7849,0,"Gilford","(603) 293-4700"
"Yellowcard (MH)","2024-07-12",25000,0,"Camden",""
"Yellowcard (MH)","2024-07-13",20000,0,"Mansfield","15088646974"
"Yellowcard (MH)","2024-07-14",18000,0,"Holmdel","301-442-6866"
"Yellowcard (MH)","2024-07-16",25103,0,"Saratoga Springs","5182696000"
"Yellowcard (MH)","2024-07-18",15000,0,"Wantagh",""
"Yellowcard (MH)","2024-07-19",24000,0,"Columbia","(410) 715-5550"
"Yellowcard (MH)","2024-07-20",21000,0,"Virginia Beach",""
"Yellowcard (MH)","2024-07-21",19000,0,"Raleigh","704-200-5450"
"Yellowcard (MH)","2024-07-23",18500,0,"Charlotte","704-200-5450"
"Yellowcard (MH)","2024-07-25",20000,0,"Tampa","813-389-3145"
"Yellowcard (MH)","2024-07-26",15000,0,"Jacksonville",
"Yellowcard (MH)","2024-07-27",12000,0,"Alpharetta","404-644-0921"
"Yellowcard (MH)","2024-07-28",10000,0,"Pelham","(615) 613-4389"
"Yellowcard (MH)","2024-07-31",7000,0,"Rogers",""
"Zac Brown Band (MH)","2024-04-06",10600,4511,"Saint Louis"," (314) 977-5000"
"Zac Brown Band (MH)","2024-04-20",0,60529,"Tampa",""
"Zac Brown Band (MH)","2024-04-27",0,0,"Charlotte",""
"Zac Brown Band (MH)","2024-05-04",0,0,"Minneapolis",""
"Zac Brown Band (MH)","2024-05-11",45000,0,"Arlington","817-946-8508"
"Zac Brown Band (MH)","2024-05-18",63000,0,"Atlanta","470.341.5000"
"Zac Brown Band (MH)","2024-05-25",91704,0,"Landover","(301) 276-6000"
"Zac Brown Band (MH)","2024-05-26",11000,0,"Norfolk","(757) 664-6464"
"Zac Brown Band (MH)","2024-06-01",0,0,"Pittsburgh",""
"Zac Brown Band (MH)","2024-06-02",15000,0,"Canandaigua","(585) 758-5300"
"Zac Brown Band (MH)","2024-06-08",55000,0,"Philadelphia","215 463-2500"
"Zac Brown Band (MH)","2024-06-15",0,0,"Chicago","312-235-7000"
"Zac Brown Band (MH)","2024-06-22",0,0,"Milwaukee","414-902-4400"
"Zach Top (MH)","2024-04-04",500,438,"Nashville","(615) 321-4718"
"Zach Top (MH)","2024-04-05",0,800,"Anderson","8642247000"
"Zach Top (MH)","2024-04-06",0,584,"Chattanooga",
"Zach Top (MH)","2024-04-12",2000,1578,"Birmingham","205-757-8330"
"Zach Top (MH)","2024-04-13",0,381,"Shreveport",
"Zach Top (MH)","2024-04-18",0,357,"San Antonio",""
"Zach Top (MH)","2024-04-19",225,0,"San Angelo","325-653-7074"
"Zach Top (MH)","2024-04-20",0,0,"Georgetown",
"Zach Top (MH)","2024-04-21",350,0,"Saratoga","(408) 741-2822"
"Zach Top (MH)","2024-04-25",0,0,"Bakersfield",""
"Zach Top (MH)","2024-04-26",60000,0,"Indio",""
"Zach Top (MH)","2024-04-28",0,0,"Bishop",
"Zach Top (MH)","2024-05-01",0,0,"Ashland",""
"Zach Top (MH)","2024-05-09",0,0,"Kansas City",""